rbd;ano_escolar;cod_ens;cod_gra;tipo_jornada;cod_esp;cod_men;id_sede_anexo;tipo_alumnado;total_cupos;cantidad_cursos;cupos_admision_especial_nee;numero_cuotas;valor_cuota;cobro_mensual
1;2023;310;1;1;0;0;1;3;185;5;0;0;0;0
4;2023;310;1;3;0;0;4;3;385;11;0;0;0;0
8;2023;310;1;3;0;0;8;3;200;5;0;0;0;0
97;2023;310;1;3;0;0;97;3;200;5;0;0;0;0
97;2023;310;2;3;0;0;97;3;160;4;0;0;0;0
97;2023;410;3;3;41002;0;97;3;40;1;0;0;0;0
97;2023;410;3;3;41005;0;97;3;80;2;0;0;0;0
97;2023;510;3;3;58034;0;97;3;40;1;0;0;0;0
97;2023;810;3;3;81004;0;97;3;40;1;0;0;0;0
97;2023;410;4;3;41002;0;97;3;40;1;0;0;0;0
97;2023;410;4;3;41005;0;97;3;80;2;0;0;0;0
97;2023;510;4;3;58034;0;97;3;40;1;0;0;0;0
97;2023;810;4;3;81004;0;97;3;40;1;0;0;0;0
106;2023;310;1;3;0;0;106;3;190;5;0;0;0;0
107;2023;110;7;3;0;0;107;3;40;1;0;0;0;0
107;2023;110;8;3;0;0;107;3;80;2;0;0;0;0
107;2023;310;1;3;0;0;107;3;180;5;0;0;0;0
107;2023;310;2;3;0;0;107;3;180;5;0;0;0;0
107;2023;310;3;3;0;0;107;3;160;4;0;0;0;0
107;2023;310;4;3;0;0;107;3;120;3;0;0;0;0
108;2023;310;1;3;0;0;108;3;240;6;0;0;0;0
108;2023;310;2;3;0;0;108;3;200;5;0;0;0;0
108;2023;510;3;3;52009;0;108;3;40;1;0;0;0;0
108;2023;510;3;3;52010;0;108;3;40;1;0;0;0;0
108;2023;510;3;3;52013;0;108;3;40;1;0;0;0;0
108;2023;510;3;3;53014;0;108;3;40;1;0;0;0;0
108;2023;510;4;3;52009;0;108;3;40;1;0;0;0;0
108;2023;510;4;3;52010;0;108;3;40;1;0;0;0;0
108;2023;510;4;3;52013;0;108;3;40;1;0;0;0;0
108;2023;510;4;3;53014;0;108;3;40;1;0;0;0;0
109;2023;110;1;3;0;0;109;3;40;1;0;0;0;0
109;2023;110;2;3;0;0;109;3;40;1;0;0;0;0
109;2023;110;3;3;0;0;109;3;40;1;0;0;0;0
109;2023;110;4;3;0;0;109;3;40;1;0;0;0;0
109;2023;110;5;3;0;0;109;3;80;2;0;0;0;0
109;2023;110;6;3;0;0;109;3;80;2;0;0;0;0
109;2023;110;7;3;0;0;109;3;80;2;0;0;0;0
109;2023;110;8;3;0;0;109;3;80;2;0;0;0;0
109;2023;310;1;3;0;0;109;3;120;3;0;0;0;0
109;2023;310;2;3;0;0;109;3;120;3;0;0;0;0
109;2023;410;3;3;41005;0;109;3;40;1;0;0;0;0
109;2023;610;3;3;63011;0;109;3;40;1;0;0;0;0
109;2023;610;3;3;64001;0;109;3;40;1;0;0;0;0
109;2023;610;3;3;64008;0;109;3;40;1;0;0;0;0
109;2023;410;4;3;41005;0;109;3;40;1;0;0;0;0
109;2023;610;4;3;63011;0;109;3;40;1;0;0;0;0
109;2023;610;4;3;64001;0;109;3;40;1;0;0;0;0
109;2023;610;4;3;64008;0;109;3;40;1;0;0;0;0
125;2023;110;4;3;0;0;125;3;80;2;0;0;0;0
239;2023;110;2;3;0;0;239;3;89;2;0;0;0;0
239;2023;110;3;3;0;0;239;3;90;2;0;0;0;0
280;2023;310;1;3;0;0;280;3;324;9;0;0;0;0
288;2023;110;1;2;0;0;288;3;114;3;0;0;0;0
288;2023;110;2;1;0;0;288;3;114;3;0;0;0;0
288;2023;110;3;3;0;0;288;3;114;3;0;0;0;0
289;2023;110;1;3;0;0;289;3;76;2;0;0;0;0
289;2023;110;2;3;0;0;289;3;76;2;0;0;0;0
289;2023;110;3;3;0;0;289;3;76;2;0;0;0;0
291;2023;10;5;1;0;0;291;3;32;1;0;0;0;0
291;2023;10;5;2;0;0;291;3;32;1;0;0;0;0
291;2023;110;1;3;0;0;291;3;152;4;0;0;0;0
291;2023;110;2;3;0;0;291;3;152;4;0;0;0;0
291;2023;110;3;3;0;0;291;3;152;4;0;0;0;0
294;2023;110;1;3;0;0;294;3;117;3;0;0;0;0
294;2023;110;2;3;0;0;294;3;117;3;0;0;0;0
294;2023;110;3;3;0;0;294;3;117;3;0;0;0;0
296;2023;110;1;3;0;0;296;3;76;2;0;0;0;0
296;2023;110;2;3;0;0;296;3;76;2;0;0;0;0
297;2023;110;1;3;0;0;297;3;80;2;0;0;0;0
297;2023;110;2;3;0;0;297;3;80;2;0;0;0;0
298;2023;110;1;3;0;0;298;3;70;2;0;0;0;0
298;2023;110;2;3;0;0;298;3;70;2;0;0;0;0
301;2023;110;1;3;0;0;301;3;72;2;0;0;0;0
301;2023;110;2;3;0;0;301;3;72;2;0;0;0;0
302;2023;110;1;3;0;0;302;3;70;2;0;0;0;0
302;2023;110;2;3;0;0;302;3;70;2;0;0;0;0
302;2023;110;3;3;0;0;302;3;70;2;0;0;0;0
304;2023;110;1;3;0;0;304;3;84;2;0;0;0;0
304;2023;110;2;3;0;0;304;3;84;2;0;0;0;0
304;2023;310;1;3;0;0;304;3;126;3;0;0;0;0
312;2023;110;1;3;0;0;312;3;80;2;0;0;0;0
312;2023;110;2;3;0;0;312;3;80;2;0;0;0;0
313;2023;110;1;3;0;0;313;3;144;4;0;0;0;0
313;2023;110;2;3;0;0;313;3;144;4;0;0;0;0
315;2023;110;1;3;0;0;315;3;76;2;0;0;0;0
315;2023;110;2;3;0;0;315;3;76;2;0;0;0;0
315;2023;110;3;3;0;0;315;3;76;2;0;0;0;0
322;2023;110;1;3;0;0;322;3;70;2;0;0;0;0
322;2023;110;3;3;0;0;322;3;76;2;0;0;0;0
324;2023;110;1;3;0;0;324;3;74;2;0;0;0;0
324;2023;110;2;3;0;0;324;3;74;2;0;0;0;0
324;2023;110;3;3;0;0;324;3;72;2;0;0;0;0
326;2023;110;1;3;0;0;326;3;72;2;0;0;0;0
326;2023;110;2;3;0;0;326;3;72;2;0;0;0;0
326;2023;110;3;3;0;0;326;3;72;2;0;0;0;0
396;2023;310;1;3;0;0;396;3;195;5;0;0;0;0
400;2023;310;1;3;0;0;400;3;185;5;0;0;0;0
442;2023;110;6;3;0;0;442;3;84;2;0;0;0;0
484;2023;10;5;3;0;0;484;3;17;1;0;0;0;0
516;2023;310;1;3;0;0;516;3;185;5;0;0;0;0
530;2023;110;1;3;0;0;530;3;80;2;0;0;0;0
530;2023;110;4;3;0;0;530;3;80;2;0;0;0;0
530;2023;110;6;3;0;0;530;3;80;2;0;0;0;0
530;2023;310;1;3;0;0;530;3;120;3;0;0;0;0
701;2023;310;1;3;0;0;701;3;152;4;0;0;0;0
753;2023;110;1;3;0;0;753;3;23;1;0;0;0;0
753;2023;110;3;3;0;0;753;3;23;1;0;0;0;0
768;2023;410;3;3;41005;0;768;1;45;1;0;0;0;0
768;2023;610;3;3;61003;0;768;1;90;2;0;0;0;0
800;2023;10;4;3;0;0;800;3;14;1;0;0;0;0
905;2023;10;4;3;0;0;905;3;12;1;0;0;0;0
1184;2023;310;1;3;0;0;1184;3;37;1;0;0;0;0
1189;2023;110;5;3;0;0;1189;3;27;1;0;0;0;0
1260;2023;10;4;2;0;0;1260;3;20;1;0;0;0;0
1260;2023;10;5;2;0;0;1260;3;10;1;0;0;0;0
1260;2023;310;1;3;0;0;1260;3;42;1;0;0;0;0
1260;2023;310;2;3;0;0;1260;3;42;1;0;0;0;0
1260;2023;310;3;3;0;0;1260;3;42;1;0;0;0;0
1260;2023;310;4;3;0;0;1260;3;42;1;0;0;0;0
1422;2023;310;1;3;0;0;1422;3;120;3;0;0;0;0
1667;2023;110;6;3;0;0;1667;3;40;1;0;0;0;0
1689;2023;110;1;3;0;0;1689;3;74;2;0;0;0;0
1689;2023;110;2;3;0;0;1689;3;74;2;0;0;0;0
1689;2023;110;3;3;0;0;1689;3;74;2;0;0;0;0
1689;2023;110;4;3;0;0;1689;3;74;2;0;0;0;0
1689;2023;110;5;3;0;0;1689;3;74;2;0;0;0;0
1689;2023;110;6;3;0;0;1689;3;74;2;0;0;0;0
1689;2023;110;7;3;0;0;1689;3;74;2;0;0;0;0
1689;2023;110;8;3;0;0;1689;3;74;2;0;0;0;0
1699;2023;110;1;3;0;0;1699;3;37;1;0;0;0;0
1699;2023;110;2;3;0;0;1699;3;37;1;0;0;0;0
1699;2023;110;3;3;0;0;1699;3;37;1;0;0;0;0
1699;2023;110;4;3;0;0;1699;3;37;1;0;0;0;0
1699;2023;110;5;3;0;0;1699;3;37;1;0;0;0;0
1699;2023;110;6;3;0;0;1699;3;74;2;0;0;0;0
1699;2023;110;7;3;0;0;1699;3;37;1;0;0;0;0
1699;2023;110;8;3;0;0;1699;3;74;2;0;0;0;0
1855;2023;110;1;3;0;0;1855;3;74;2;0;0;0;0
1855;2023;110;2;3;0;0;1855;3;74;2;0;0;0;0
1855;2023;110;3;3;0;0;1855;3;74;2;0;0;0;0
1855;2023;110;4;3;0;0;1855;3;74;2;0;0;0;0
1855;2023;110;5;3;0;0;1855;3;74;2;0;0;0;0
1855;2023;110;6;3;0;0;1855;3;74;2;0;0;0;0
1855;2023;110;7;3;0;0;1855;3;74;2;0;0;0;0
1855;2023;110;8;3;0;0;1855;3;74;2;0;0;0;0
1864;2023;310;1;3;0;0;1864;3;148;4;0;0;0;0
1864;2023;310;2;3;0;0;1864;3;144;4;0;0;0;0
1864;2023;310;3;3;0;0;1864;3;36;1;0;0;0;0
1864;2023;410;3;3;41005;0;1864;3;36;1;0;0;0;0
1864;2023;510;3;3;53014;0;1864;3;36;1;0;0;0;0
1864;2023;510;3;3;58033;0;1864;3;36;1;0;0;0;0
1864;2023;310;4;3;0;0;1864;3;36;1;0;0;0;0
1864;2023;410;4;3;41005;0;1864;3;36;1;0;0;0;0
1864;2023;510;4;3;53014;0;1864;3;32;1;0;0;0;0
1864;2023;510;4;3;58033;0;1864;3;36;1;0;0;0;0
1918;2023;110;1;3;0;0;1918;3;60;2;0;11;33000;0
1918;2023;110;5;3;0;0;1918;3;74;2;0;11;33000;0
1918;2023;110;6;3;0;0;1918;3;74;2;0;11;33000;0
1918;2023;310;3;3;0;0;1918;3;70;2;0;11;33000;0
1977;2023;10;4;2;0;0;20180806213425498729000000;3;35;1;0;11;50138;0
2012;2023;310;1;3;0;0;2012;3;120;3;0;0;0;0
2078;2023;10;4;2;0;0;2078;3;35;1;0;0;0;0
2078;2023;10;5;2;0;0;2078;3;35;1;0;0;0;0
2084;2023;110;1;3;0;0;2084;3;72;2;0;0;0;0
2084;2023;110;3;3;0;0;2084;3;72;2;0;0;0;0
2103;2023;310;1;3;0;0;2103;3;245;1;0;0;0;0
2748;2023;110;8;3;0;0;2748;3;60;2;0;0;0;0
2756;2023;110;6;3;0;0;2756;3;28;1;0;0;0;0
2862;2023;10;4;2;0;0;2862;3;86;2;0;0;0;0
2989;2023;110;1;3;0;0;2989;3;12;1;0;0;0;0
2989;2023;110;2;3;0;0;2989;3;12;1;0;0;0;0
3013;2023;110;8;1;0;0;3013;3;117;3;0;0;0;0
3016;2023;310;1;3;0;0;3016;3;105;3;0;0;0;0
3016;2023;310;2;3;0;0;3016;3;107;3;0;0;0;0
3055;2023;310;4;3;0;0;3055;3;65;2;0;0;0;0
3202;2023;10;4;3;0;0;3202;3;71;2;0;0;0;0
3247;2023;310;1;3;0;0;3247;3;280;8;0;0;0;0
3300;2023;10;5;1;0;0;3300;3;81;2;0;10;87000;0
3311;2023;110;7;3;0;0;3311;3;46;1;0;10;37000;0
3311;2023;310;1;3;0;0;3311;3;46;1;0;10;37000;0
3434;2023;310;1;3;0;0;3434;3;228;6;0;0;0;0
3434;2023;710;4;3;72007;0;3434;3;19;1;0;0;0;0
3531;2023;110;6;3;0;0;3531;3;84;2;0;11;76140;0
3531;2023;310;1;3;0;0;3531;3;90;2;0;11;86200;0
3531;2023;310;2;3;0;0;3531;3;79;2;0;11;86200;0
3531;2023;310;3;3;0;0;3531;3;77;2;0;11;86200;0
3531;2023;310;4;3;0;0;3531;3;73;2;0;11;86200;0
3532;2023;310;1;3;0;0;3532;3;40;1;0;10;60000;0
3608;2023;10;4;3;0;0;3608;3;68;2;0;0;0;0
3608;2023;10;5;3;0;0;3608;3;68;2;0;0;0;0
3608;2023;110;1;3;0;0;3608;3;68;2;0;0;0;0
3608;2023;110;3;3;0;0;3608;3;70;2;0;0;0;0
3608;2023;110;4;3;0;0;3608;3;70;2;0;0;0;0
3608;2023;110;5;3;0;0;3608;3;74;2;0;0;0;0
3608;2023;110;6;3;0;0;3608;3;72;2;0;0;0;0
3608;2023;110;7;3;0;0;3608;3;80;2;0;0;0;0
3608;2023;110;8;3;0;0;3608;3;80;2;0;0;0;0
3608;2023;310;2;3;0;0;3608;3;76;2;0;0;0;0
3716;2023;110;1;3;0;0;;3;20;1;0;0;0;0
3716;2023;110;2;3;0;0;;3;20;1;0;0;0;0
3716;2023;110;3;3;0;0;;3;20;1;0;0;0;0
3716;2023;110;4;3;0;0;;3;20;1;0;0;0;0
4048;2023;10;5;3;0;0;4048;3;90;3;0;0;0;0
4141;2023;110;3;3;0;0;4141;3;31;1;0;0;0;0
4141;2023;110;5;3;0;0;4141;3;30;1;0;0;0;0
4141;2023;110;7;3;0;0;4141;3;36;1;0;0;0;0
4141;2023;310;3;3;0;0;4141;3;25;1;0;0;0;0
4141;2023;510;3;3;58034;0;4141;3;20;1;0;0;0;0
4141;2023;710;3;3;72007;0;4141;3;20;1;0;0;0;0
5380;2023;110;4;3;0;0;5380;3;2;1;0;0;0;0
5380;2023;110;6;3;0;0;5380;3;2;1;0;0;0;0
5434;2023;110;1;3;0;0;5434;3;85;2;0;0;0;0
5435;2023;10;4;1;0;0;5435;3;68;2;0;0;0;0
5435;2023;10;5;1;0;0;5435;3;70;2;0;0;0;0
5435;2023;110;1;1;0;0;5435;3;74;2;0;0;0;0
5435;2023;110;2;1;0;0;5435;3;74;2;0;0;0;0
5509;2023;310;1;3;0;0;5509;3;84;3;0;0;0;0
5568;2023;310;1;1;0;0;5568;3;230;6;0;0;0;0
5569;2023;310;1;3;0;0;5569;3;160;4;0;0;0;0
5570;2023;310;1;3;0;0;5570;3;574;14;0;0;0;0
5597;2023;310;1;3;0;0;5597;3;80;2;0;0;0;0
5654;2023;310;1;3;0;0;5654;3;287;7;0;0;0;0
5663;2023;310;1;3;0;0;5663;3;290;10;0;0;0;0
5706;2023;10;4;1;0;0;5706;3;35;1;0;0;0;0
5706;2023;110;1;3;0;0;5706;3;45;1;0;0;0;0
5921;2023;310;1;3;0;0;5921;3;168;4;0;0;0;0
6070;2023;310;1;3;0;0;6070;3;108;3;0;0;0;0
6112;2023;110;1;3;0;0;6112;3;80;2;0;0;0;0
6112;2023;110;2;3;0;0;6112;3;80;2;0;0;0;0
6112;2023;110;3;3;0;0;6112;3;80;2;0;0;0;0
6112;2023;110;4;3;0;0;6112;3;80;2;0;0;0;0
6112;2023;110;5;3;0;0;6112;3;80;2;0;0;0;0
6304;2023;110;7;3;0;0;6304;3;114;3;0;0;0;0
6304;2023;110;8;3;0;0;6304;3;114;3;0;0;0;0
6805;2023;110;1;3;0;0;6805;3;5;1;0;0;0;0
6805;2023;110;2;3;0;0;6805;3;5;1;0;0;0;0
6805;2023;110;3;3;0;0;6805;3;5;1;0;0;0;0
6807;2023;110;3;3;0;0;6807;3;2;1;0;0;0;0
6807;2023;110;6;3;0;0;6807;3;4;1;0;0;0;0
6896;2023;10;4;1;0;0;6896;3;70;2;0;0;0;0
6896;2023;10;5;1;0;0;6896;3;70;2;0;0;0;0
6896;2023;110;1;3;0;0;6896;3;80;2;0;0;0;0
6896;2023;110;2;3;0;0;6896;3;80;2;0;0;0;0
6896;2023;110;3;3;0;0;6896;3;80;2;0;0;0;0
6896;2023;110;4;3;0;0;6896;3;80;2;0;0;0;0
7049;2023;110;1;3;0;0;7049;3;22;1;0;0;0;0
7049;2023;110;2;3;0;0;7049;3;22;1;0;0;0;0
7049;2023;110;3;3;0;0;7049;3;22;1;0;0;0;0
7049;2023;110;4;3;0;0;7049;3;22;1;0;0;0;0
7049;2023;110;5;3;0;0;7049;3;23;1;0;0;0;0
7049;2023;310;1;3;0;0;7049;3;78;2;0;0;0;0
7049;2023;510;3;3;58035;0;7049;3;22;1;0;0;0;0
7049;2023;610;3;3;63009;0;7049;3;22;1;0;0;0;0
7049;2023;610;3;3;64001;0;7049;3;22;1;0;0;0;0
7049;2023;510;4;3;58035;0;7049;3;22;1;0;0;0;0
7049;2023;610;4;3;63009;0;7049;3;22;1;0;0;0;0
7049;2023;610;4;3;64001;0;7049;3;22;1;0;0;0;0
7328;2023;310;1;3;0;0;7328;3;162;5;0;0;0;0
7329;2023;310;1;3;0;0;7329;3;308;7;0;0;0;0
7331;2023;310;1;3;0;0;7331;3;362;10;0;0;0;0
7572;2023;10;4;3;0;0;7572;3;35;1;0;0;0;0
7578;2023;710;1;3;72007;0;7578;3;180;1;0;0;0;0
7722;2023;110;5;3;0;0;7722;3;84;2;0;0;0;0
7722;2023;110;8;3;0;0;7722;3;42;1;0;0;0;0
7722;2023;310;2;3;0;0;7722;3;60;2;0;0;0;0
7723;2023;10;5;3;0;0;7723;3;42;1;0;0;0;0
7723;2023;110;2;3;0;0;7723;3;78;2;0;0;0;0
7723;2023;110;3;3;0;0;7723;3;78;2;0;0;0;0
7723;2023;110;4;3;0;0;7723;3;75;2;0;0;0;0
7723;2023;110;5;3;0;0;7723;3;45;1;0;0;0;0
7723;2023;110;6;3;0;0;7723;3;45;1;0;0;0;0
7723;2023;110;7;3;0;0;7723;3;86;2;0;0;0;0
7723;2023;110;8;3;0;0;7723;3;80;2;0;0;0;0
7724;2023;110;5;3;0;0;7724;3;43;1;0;0;0;0
7724;2023;110;7;3;0;0;7724;3;43;1;0;0;0;0
7724;2023;110;8;3;0;0;7724;3;46;1;0;0;0;0
7724;2023;310;1;3;0;0;7724;3;45;1;0;0;0;0
7725;2023;10;5;3;0;0;7725;3;15;1;0;0;0;0
7725;2023;110;1;3;0;0;7725;3;20;1;0;0;0;0
7725;2023;110;2;3;0;0;7725;3;21;1;0;0;0;0
7725;2023;110;5;3;0;0;7725;3;25;1;0;0;0;0
7725;2023;110;6;3;0;0;7725;3;18;1;0;0;0;0
7725;2023;110;7;3;0;0;7725;3;20;1;0;0;0;0
7725;2023;110;8;3;0;0;7725;3;24;1;0;0;0;0
7726;2023;110;4;3;0;0;7726;3;8;1;0;0;0;0
7726;2023;110;6;3;0;0;7726;3;8;1;0;0;0;0
7740;2023;10;5;3;0;0;7740;3;20;1;0;0;0;0
7740;2023;110;2;3;0;0;7740;3;24;1;0;0;0;0
7740;2023;110;3;3;0;0;7740;3;22;1;0;0;0;0
7740;2023;110;5;3;0;0;7740;3;24;1;0;0;0;0
7740;2023;110;6;3;0;0;7740;3;23;1;0;0;0;0
7740;2023;110;7;3;0;0;7740;3;26;1;0;0;0;0
7773;2023;310;1;3;0;0;7773;3;99;3;0;0;0;0
7973;2023;310;1;3;0;0;7973;3;160;4;0;0;0;0
7975;2023;10;4;3;0;0;7975;3;28;1;0;0;0;0
7975;2023;10;5;3;0;0;7975;3;31;1;0;0;0;0
7975;2023;110;1;3;0;0;7975;3;40;1;0;0;0;0
7975;2023;110;2;3;0;0;7975;3;40;1;0;0;0;0
7975;2023;110;3;3;0;0;7975;3;40;1;0;0;0;0
7975;2023;110;4;3;0;0;7975;3;38;1;0;0;0;0
7975;2023;110;5;3;0;0;7975;3;38;1;0;0;0;0
7975;2023;110;6;3;0;0;7975;3;38;1;0;0;0;0
7975;2023;110;7;3;0;0;7975;3;38;1;0;0;0;0
7975;2023;110;8;3;0;0;7975;3;38;1;0;0;0;0
7976;2023;10;5;1;0;0;7976;3;32;1;0;0;0;0
7976;2023;110;1;3;0;0;7976;3;34;1;0;0;0;0
7976;2023;110;2;3;0;0;7976;3;36;1;0;0;0;0
7976;2023;110;4;3;0;0;7976;3;39;1;0;0;0;0
7976;2023;110;5;3;0;0;7976;3;38;1;0;0;0;0
7976;2023;110;6;3;0;0;7976;3;37;1;0;0;0;0
8103;2023;10;5;3;0;0;8103;3;13;1;0;0;0;0
8105;2023;310;1;3;0;0;8105;3;200;1;0;0;0;0
8105;2023;310;3;3;0;0;8105;3;150;1;0;0;0;0
8161;2023;110;1;3;0;0;8161;3;35;1;0;0;0;0
8161;2023;110;2;3;0;0;8161;3;35;1;0;0;0;0
8161;2023;110;3;3;0;0;8161;3;36;1;0;0;0;0
8161;2023;110;4;3;0;0;8161;3;35;1;0;0;0;0
8161;2023;110;5;3;0;0;8161;3;35;1;0;0;0;0
8255;2023;310;1;3;0;0;8255;3;185;5;0;0;0;0
8369;2023;710;2;3;72007;0;8369;3;50;2;0;0;0;0
8369;2023;710;4;3;72007;0;8369;3;50;2;0;0;0;0
8474;2023;310;1;3;0;0;8474;3;123;4;0;0;0;0
8485;2023;110;7;2;0;0;8485;3;450;10;0;0;0;0
8497;2023;110;1;1;0;0;8497;3;74;2;0;0;0;0
8497;2023;110;2;1;0;0;8497;3;74;2;0;0;0;0
8497;2023;110;3;1;0;0;8497;3;74;2;0;0;0;0
8497;2023;110;4;3;0;0;8497;3;74;2;0;0;0;0
8497;2023;110;5;3;0;0;8497;3;74;2;0;0;0;0
8497;2023;110;6;2;0;0;8497;3;30;1;0;0;0;0
8497;2023;110;6;3;0;0;8497;3;70;2;0;0;0;0
8497;2023;110;7;3;0;0;8497;3;90;3;0;0;0;0
8497;2023;110;8;3;0;0;8497;3;90;2;0;0;0;0
8497;2023;310;1;3;0;0;8497;3;74;2;0;0;0;0
8497;2023;310;2;3;0;0;8497;3;74;2;0;0;0;0
8497;2023;310;3;3;0;0;8497;3;70;2;0;0;0;0
8514;2023;110;1;1;0;0;8514;3;40;1;0;0;0;0
8514;2023;110;1;2;0;0;8514;3;80;2;0;0;0;0
8515;2023;10;5;1;0;0;8515;3;36;1;0;0;0;0
8515;2023;110;3;3;0;0;8515;3;2;1;0;0;0;0
8542;2023;110;1;1;0;0;8542;3;80;2;0;0;0;0
8542;2023;110;2;1;0;0;8542;3;80;2;0;0;0;0
8542;2023;110;3;2;0;0;8542;3;80;2;0;0;0;0
8542;2023;110;4;3;0;0;8542;2;80;2;0;0;0;0
8542;2023;110;5;3;0;0;8542;2;80;2;0;0;0;0
8542;2023;110;6;3;0;0;8542;2;80;2;0;0;0;0
8542;2023;110;7;3;0;0;8542;2;80;2;0;0;0;0
8542;2023;110;8;3;0;0;8542;2;40;1;0;0;0;0
8643;2023;110;7;3;0;0;8643;1;120;3;0;0;0;0
8643;2023;110;8;3;0;0;8643;1;120;3;0;0;0;0
8643;2023;310;1;3;0;0;8643;1;160;4;0;0;0;0
8643;2023;310;2;3;0;0;8643;1;160;4;0;0;0;0
8643;2023;410;3;3;41002;0;8643;1;80;2;0;0;0;0
8643;2023;410;3;3;41005;0;8643;1;80;2;0;0;0;0
8643;2023;410;4;3;41002;0;8643;1;45;1;0;0;0;0
8643;2023;410;4;3;41005;0;8643;1;87;2;0;0;0;0
8825;2023;310;2;3;0;0;8825;3;98;2;0;10;28000;0
8825;2023;310;3;3;0;0;8825;3;100;2;0;10;28000;0
8825;2023;310;4;3;0;0;8825;3;100;2;0;10;28000;0
8828;2023;110;2;3;0;0;8828;3;97;3;0;0;0;0
8828;2023;110;3;3;0;0;8828;3;102;3;0;0;0;0
8828;2023;110;4;3;0;0;8828;3;102;3;0;0;0;0
8828;2023;110;6;3;0;0;8828;3;102;3;0;0;0;0
8828;2023;110;7;3;0;0;8828;3;101;3;0;0;0;0
8828;2023;310;3;3;0;0;8828;3;90;3;0;0;0;0
8928;2023;110;5;2;0;0;8928;2;45;1;0;0;0;0
8928;2023;110;6;2;0;0;8928;2;45;1;0;0;0;0
8938;2023;110;7;3;0;0;8938;3;30;1;0;0;0;0
8938;2023;110;8;3;0;0;8938;3;30;1;0;0;0;0
8938;2023;310;1;3;0;0;8938;3;90;3;0;0;0;0
8938;2023;310;2;3;0;0;8938;3;107;3;0;0;0;0
8938;2023;310;3;3;0;0;8938;3;64;2;0;0;0;0
8938;2023;410;3;3;41002;0;8938;3;25;1;0;0;0;0
8938;2023;610;3;3;61003;0;8938;3;30;1;0;0;0;0
8938;2023;310;4;3;0;0;8938;3;46;2;0;0;0;0
8938;2023;410;4;3;41002;0;8938;3;29;1;0;0;0;0
8938;2023;610;4;3;61003;0;8938;3;33;1;0;0;0;0
9077;2023;110;8;3;0;0;9077;3;90;2;0;0;0;0
9100;2023;10;4;2;0;0;9100;3;120;4;0;0;0;0
9100;2023;10;5;1;0;0;9100;3;120;2;0;0;0;0
9281;2023;310;1;3;0;0;9281;3;123;3;0;0;0;0
9328;2023;310;1;1;0;0;9328;3;134;3;0;0;0;0
9328;2023;610;3;1;64008;0;9328;3;45;1;0;0;0;0
9373;2023;10;4;2;0;0;9373;3;30;1;0;0;0;0
9375;2023;410;3;3;41002;0;20190327140256093454000000;3;45;1;0;0;0;0
9408;2023;310;1;3;0;0;9408;3;140;4;0;0;0;0
9503;2023;10;5;1;0;0;9503;3;40;1;0;0;0;0
9503;2023;110;1;1;0;0;9503;3;40;1;0;0;0;0
9503;2023;110;2;1;0;0;9503;3;40;1;0;0;0;0
9503;2023;110;3;3;0;0;9503;3;40;1;0;0;0;0
9503;2023;110;4;3;0;0;9503;3;40;1;0;0;0;0
9503;2023;110;5;3;0;0;9503;3;40;1;0;0;0;0
9503;2023;110;6;3;0;0;9503;3;40;1;0;0;0;0
9503;2023;110;7;3;0;0;9503;3;40;1;0;0;0;0
9503;2023;110;8;3;0;0;9503;3;40;1;0;0;0;0
9534;2023;110;1;1;0;0;9534;3;72;2;0;10;86000;0
9616;2023;110;8;3;0;0;9616;3;90;2;0;0;0;0
9693;2023;310;1;3;0;0;9693;3;245;6;0;0;0;0
9693;2023;310;2;3;0;0;9693;3;271;7;0;0;0;0
9693;2023;410;3;3;41005;0;9693;3;75;2;0;0;0;0
9693;2023;510;4;3;56027;0;9693;3;71;2;0;0;0;0
9722;2023;110;1;3;0;0;9722;3;35;1;0;0;0;0
9722;2023;310;1;3;0;0;9722;3;35;1;0;0;0;0
9834;2023;310;4;3;0;0;9834;3;45;1;0;0;0;0
10077;2023;310;1;3;0;0;10077;3;160;4;0;0;0;0
10106;2023;310;1;3;0;0;10106;3;80;2;0;0;0;0
10126;2023;310;1;3;0;0;10126;3;70;2;0;0;0;0
10187;2023;310;1;3;0;0;10187;1;126;3;0;0;0;0
10247;2023;110;1;1;0;0;10247;3;66;1;0;0;0;0
10247;2023;110;1;2;0;0;10247;3;33;1;0;0;0;0
10290;2023;110;1;3;0;0;10290;3;70;1;0;0;0;0
10290;2023;110;2;3;0;0;10290;3;70;1;0;0;0;0
10403;2023;10;4;3;0;0;10403;3;76;2;0;0;0;0
10403;2023;10;5;3;0;0;10403;3;76;2;0;0;0;0
10403;2023;110;1;3;0;0;10403;3;114;3;0;0;0;0
10415;2023;110;6;3;0;0;10415;3;173;4;0;0;0;0
10415;2023;110;8;3;0;0;20190730203905451117000000;3;170;4;0;0;0;0
10415;2023;310;1;3;0;0;20190730203905451117000000;3;177;4;0;0;0;0
10415;2023;310;3;3;0;0;20190730203905451117000000;3;168;4;0;0;0;0
10450;2023;110;3;3;0;0;10450;3;90;2;0;0;0;0
10450;2023;110;8;3;0;0;10450;3;135;3;0;0;0;0
10450;2023;310;3;3;0;0;10450;3;135;3;0;0;0;0
10452;2023;310;1;3;0;0;10452;3;90;2;0;0;0;0
10470;2023;310;3;3;0;0;10470;3;90;2;0;0;0;0
10516;2023;110;2;3;0;0;10516;3;80;2;0;0;0;0
10516;2023;110;3;3;0;0;10516;3;80;2;0;0;0;0
10576;2023;110;1;1;0;0;10576;3;30;1;0;0;0;0
10576;2023;110;2;1;0;0;10576;3;30;1;0;0;0;0
10576;2023;110;3;1;0;0;10576;3;30;1;0;0;0;0
10576;2023;110;4;1;0;0;10576;3;30;1;0;0;0;0
10873;2023;10;4;3;0;0;10873;3;60;2;0;0;0;0
10873;2023;10;5;3;0;0;10873;3;60;2;0;0;0;0
10911;2023;310;2;3;0;0;10911;3;227;6;0;0;0;0
10968;2023;310;1;3;0;0;10968;3;216;6;0;0;0;0
11106;2023;310;1;3;0;0;11106;3;115;3;0;10;113230;0
11111;2023;410;3;3;41005;0;11111;3;30;1;0;0;0;0
11111;2023;510;3;3;52010;0;11111;3;30;1;0;0;0;0
11287;2023;310;1;3;0;0;11287;3;152;4;0;0;0;0
11608;2023;110;8;3;0;0;11608;3;120;3;0;0;0;0
12085;2023;10;5;1;0;0;12085;3;38;1;0;10;21500;0
12085;2023;110;2;1;0;0;12085;3;39;1;0;10;21500;0
12085;2023;110;5;3;0;0;12085;3;39;1;0;10;21500;0
12085;2023;310;4;3;0;0;12085;3;35;1;0;10;21500;0
12183;2023;310;4;3;0;0;12183;3;27;1;0;10;115000;0
12305;2023;310;1;1;0;0;12305;3;76;2;0;11;64704;0
12368;2023;310;3;3;0;0;12368;3;35;1;0;0;0;0
12534;2023;310;1;3;0;0;12534;3;168;4;0;0;0;0
12534;2023;310;2;3;0;0;12534;3;168;4;0;0;0;0
12542;2023;10;5;3;0;0;12542;3;12;1;0;0;0;0
12542;2023;110;1;3;0;0;12542;3;14;1;0;0;0;0
12542;2023;110;2;3;0;0;12542;3;14;1;0;0;0;0
12542;2023;110;3;3;0;0;12542;3;14;1;0;0;0;0
12542;2023;110;4;3;0;0;12542;3;13;1;0;0;0;0
12542;2023;110;5;3;0;0;12542;3;17;1;0;0;0;0
12542;2023;110;7;3;0;0;12542;3;16;1;0;0;0;0
12566;2023;110;1;3;0;0;12566;3;120;3;0;0;0;0
12567;2023;110;2;3;0;0;20190802152145360613000000;3;315;7;0;0;0;0
12567;2023;110;5;3;0;0;12567;3;270;6;0;0;0;0
12567;2023;110;6;3;0;0;12567;3;315;7;0;0;0;0
12602;2023;110;7;3;0;0;12602;3;86;2;0;0;0;0
12603;2023;310;2;3;0;0;12603;3;114;3;0;0;0;0
12632;2023;110;1;3;0;0;12632;3;125;3;0;0;0;0
12632;2023;110;2;3;0;0;12632;3;41;1;0;0;0;0
12632;2023;110;3;3;0;0;12632;3;40;1;0;0;0;0
12632;2023;110;4;3;0;0;12632;3;44;1;0;0;0;0
12632;2023;110;5;3;0;0;12632;3;38;1;0;0;0;0
12632;2023;110;6;3;0;0;12632;3;45;1;0;0;0;0
12632;2023;110;7;3;0;0;12632;3;35;1;0;0;0;0
12632;2023;110;8;3;0;0;12632;3;47;1;0;0;0;0
12632;2023;310;1;3;0;0;12632;3;195;5;0;0;0;0
12632;2023;310;2;3;0;0;12632;3;117;3;0;0;0;0
12650;2023;110;7;3;0;0;12650;3;264;5;0;0;0;0
12650;2023;310;1;3;0;0;12650;3;308;6;0;0;0;0
12650;2023;510;4;3;54018;0;12650;3;90;1;0;0;0;0
12711;2023;110;1;3;0;0;12711;3;70;2;0;0;0;0
12711;2023;110;2;3;0;0;12711;3;70;2;0;0;0;0
12749;2023;10;4;3;0;0;12749;3;73;2;0;0;0;0
12761;2023;110;4;3;0;0;12761;3;53;2;0;0;0;0
12944;2023;110;1;3;0;0;12944;3;114;3;0;0;0;0
12944;2023;110;2;3;0;0;12944;3;114;3;0;0;0;0
12944;2023;110;3;3;0;0;12944;3;114;3;0;0;0;0
12945;2023;110;1;2;0;0;12945;3;74;2;0;0;0;0
12945;2023;110;2;1;0;0;12945;3;74;2;0;0;0;0
12945;2023;110;3;3;0;0;12945;3;74;2;0;0;0;0
12962;2023;110;1;3;0;0;12962;3;120;3;0;0;0;0
12962;2023;110;2;3;0;0;12962;3;120;3;0;0;0;0
12962;2023;110;3;3;0;0;12962;3;120;3;0;0;0;0
12980;2023;110;1;3;0;0;12980;3;72;2;0;0;0;0
12980;2023;110;2;3;0;0;12980;3;72;2;0;0;0;0
12980;2023;110;3;3;0;0;12980;3;74;2;0;0;0;0
12980;2023;110;6;3;0;0;12980;3;72;2;0;0;0;0
12980;2023;310;2;3;0;0;12980;3;39;1;0;0;0;0
13124;2023;110;1;3;0;0;13124;3;10;1;0;0;0;0
13124;2023;110;5;3;0;0;13124;3;16;1;0;0;0;0
13145;2023;310;1;3;0;0;13145;3;252;7;0;0;0;0
13145;2023;410;3;3;41005;0;13145;3;70;2;0;0;0;0
13146;2023;310;1;3;0;0;13146;2;205;5;0;0;0;0
13146;2023;510;4;3;53015;0;13146;2;45;1;0;0;0;0
13154;2023;110;5;1;0;0;13154;3;81;2;0;0;0;0
13168;2023;310;1;3;0;0;13168;3;132;4;0;0;0;0
13439;2023;310;2;3;0;0;13439;3;43;1;0;10;94557;0
13474;2023;110;2;3;0;0;13474;3;42;1;0;0;0;0
13474;2023;110;4;3;0;0;13474;3;42;1;0;0;0;0
13474;2023;110;5;3;0;0;13474;3;42;1;0;0;0;0
13474;2023;110;6;3;0;0;13474;3;42;1;0;0;0;0
13573;2023;310;1;3;0;0;13573;3;45;1;0;10;98687;0
14504;2023;110;2;2;0;0;14504;3;39;1;0;0;0;0
14504;2023;110;7;1;0;0;14504;3;39;1;0;0;0;0
14504;2023;310;2;3;0;0;14504;3;39;1;0;0;0;0
14506;2023;110;6;3;0;0;14506;3;82;2;0;10;82500;0
14506;2023;110;7;3;0;0;14506;3;80;2;0;10;82500;0
14506;2023;110;8;3;0;0;14506;3;83;2;0;10;82500;0
14526;2023;110;5;3;0;0;14526;3;60;2;0;11;50000;0
14534;2023;310;1;3;0;0;14534;3;36;1;0;0;0;0
14770;2023;110;3;3;0;0;14770;3;74;2;0;11;49600;0
14770;2023;110;6;3;0;0;14770;3;80;2;0;11;49600;0
14770;2023;310;1;3;0;0;14770;3;80;2;0;11;49600;0
14770;2023;310;2;3;0;0;14770;3;78;2;0;11;49600;0
14770;2023;310;3;3;0;0;14770;3;78;2;0;11;49600;0
14866;2023;110;4;3;0;0;14866;3;76;3;0;11;120000;0
14866;2023;110;5;3;0;0;14866;3;76;2;0;11;120000;0
14866;2023;110;6;3;0;0;14866;3;76;2;0;11;120000;0
14866;2023;310;1;3;0;0;14866;3;76;2;0;11;120000;0
14866;2023;310;2;3;0;0;14866;3;76;2;0;11;120000;0
14866;2023;310;3;3;0;0;14866;3;76;2;0;11;120000;0
14866;2023;310;4;3;0;0;14866;3;76;2;0;11;120000;0
14923;2023;110;1;3;0;0;14923;3;48;2;0;10;77000;0
16446;2023;10;4;3;0;0;16446;3;35;1;0;0;0;0
16469;2023;110;2;3;0;0;16469;3;85;2;0;0;0;0
16469;2023;310;1;3;0;0;16469;3;88;2;0;0;0;0
16494;2023;110;8;3;0;0;16494;3;37;1;0;0;0;0
16502;2023;110;1;3;0;0;16502;3;64;2;0;12;32000;0
16512;2023;110;3;3;0;0;16512;3;81;2;0;0;0;0
16512;2023;110;5;3;0;0;16512;3;77;2;0;0;0;0
16512;2023;110;6;3;0;0;16512;3;79;2;0;0;0;0
16512;2023;310;2;3;0;0;16512;3;42;1;0;0;0;0
16535;2023;110;2;1;0;0;16535;3;38;1;0;0;0;0
16535;2023;110;2;2;0;0;16535;3;32;1;0;0;0;0
16535;2023;110;3;3;0;0;16535;3;73;2;0;0;0;0
16535;2023;110;4;3;0;0;16535;3;75;2;0;0;0;0
16535;2023;110;7;3;0;0;16535;3;73;2;0;0;0;0
16535;2023;310;1;3;0;0;16535;3;65;2;0;0;0;0
16535;2023;310;2;3;0;0;16535;3;70;2;0;0;0;0
16535;2023;310;3;3;0;0;16535;3;66;2;0;0;0;0
16535;2023;310;4;3;0;0;16535;3;56;2;0;0;0;0
16564;2023;10;4;2;0;0;16564;3;35;1;0;0;0;0
16564;2023;10;5;1;0;0;16564;3;35;1;0;0;0;0
16564;2023;710;3;3;72007;0;16564;3;22;1;0;0;0;0
16588;2023;310;1;3;0;0;16588;3;71;2;0;0;0;0
16588;2023;310;3;3;0;0;16588;3;62;2;0;0;0;0
16625;2023;110;3;3;0;0;16625;3;35;1;0;0;0;0
16625;2023;110;6;3;0;0;16625;3;31;1;0;0;0;0
16625;2023;310;1;3;0;0;16625;3;31;1;0;0;0;0
16728;2023;310;2;3;0;0;16728;3;76;2;0;10;116953;0
16793;2023;310;1;3;0;0;16793;3;104;3;0;0;0;0
16793;2023;310;2;3;0;0;16793;3;104;3;0;0;0;0
16793;2023;410;3;3;41005;0;16793;3;70;2;0;0;0;0
16793;2023;610;3;3;61003;0;16793;3;34;1;0;0;0;0
16793;2023;410;4;3;41005;0;16793;3;70;2;0;0;0;0
16793;2023;610;4;3;61003;0;16793;3;34;1;0;0;0;0
16844;2023;310;1;3;0;0;16844;3;180;4;0;0;0;0
16844;2023;710;4;3;72007;0;16844;3;45;1;0;0;0;0
16985;2023;310;1;3;0;0;16985;3;85;3;0;0;0;0
17662;2023;310;1;3;0;0;17662;3;185;5;0;0;0;0
17741;2023;10;4;3;0;0;17741;3;10;1;0;0;0;0
17793;2023;310;4;3;0;0;17793;3;70;2;0;0;0;0
17895;2023;110;4;3;0;0;17895;3;108;3;0;0;0;0
18251;2023;10;4;2;0;0;18251;3;32;1;0;11;64000;0
18251;2023;10;5;2;0;0;18251;3;32;1;0;11;64000;0
18251;2023;110;1;1;0;0;18251;3;70;2;0;11;66000;0
19954;2023;310;1;3;0;0;19954;3;45;1;0;0;0;0
20139;2023;10;4;1;0;0;20139;3;26;1;0;0;0;0
20139;2023;10;5;1;0;0;20139;3;26;1;0;0;0;0
20165;2023;110;2;1;0;0;20165;3;29;1;0;0;0;0
20165;2023;110;3;3;0;0;20165;3;29;1;0;0;0;0
20165;2023;110;4;3;0;0;20165;3;23;1;0;0;0;0
20165;2023;110;5;3;0;0;20165;3;25;1;0;0;0;0
20266;2023;310;1;3;0;0;20266;3;80;2;0;0;0;0
20324;2023;310;1;3;0;0;20324;3;80;2;0;0;0;0
22022;2023;310;1;3;0;0;22022;3;130;3;0;0;0;0
22083;2023;10;4;2;0;0;22083;3;32;1;0;0;0;0
22083;2023;110;6;1;0;0;22083;3;40;1;0;0;0;0
22084;2023;310;1;3;0;0;22084;3;36;1;0;0;0;0
22084;2023;310;2;3;0;0;22084;3;40;1;0;0;0;0
22196;2023;310;1;3;0;0;22196;3;33;1;0;0;0;0
22271;2023;110;2;3;0;0;22271;3;6;1;0;0;0;0
22271;2023;110;3;3;0;0;22271;3;10;1;0;0;0;0
22271;2023;110;4;3;0;0;22271;3;3;1;0;0;0;0
22271;2023;110;5;3;0;0;22271;3;14;1;0;0;0;0
22271;2023;110;6;3;0;0;22271;3;21;1;0;0;0;0
22309;2023;110;2;3;0;0;22309;3;47;1;0;0;0;0
22309;2023;110;4;3;0;0;22309;3;47;1;0;0;0;0
22309;2023;310;1;3;0;0;22309;3;74;2;0;0;0;0
22309;2023;310;2;3;0;0;22309;3;74;2;0;0;0;0
22339;2023;110;8;1;0;0;22339;3;45;1;0;0;0;0
22464;2023;310;1;3;0;0;22464;3;160;4;0;0;0;0
22483;2023;310;1;3;0;0;22483;3;144;4;0;0;0;0
22483;2023;310;2;3;0;0;22483;3;140;4;0;0;0;0
22519;2023;110;2;3;0;0;22519;3;92;2;0;0;0;0
22519;2023;110;3;3;0;0;22519;3;93;2;0;0;0;0
22519;2023;110;4;3;0;0;22519;3;92;2;0;0;0;0
22519;2023;110;5;3;0;0;22519;3;92;2;0;0;0;0
22519;2023;110;6;3;0;0;22519;3;93;2;0;0;0;0
22519;2023;110;7;3;0;0;22519;3;94;2;0;0;0;0
22543;2023;310;1;3;0;0;22543;3;175;5;0;0;0;0
22543;2023;610;3;3;63011;0;22543;3;35;1;0;0;0;0
22543;2023;610;4;3;63011;0;22543;3;35;1;0;0;0;0
22597;2023;310;1;3;0;0;22597;3;72;2;0;0;0;0
22597;2023;410;3;3;41005;0;22597;3;64;2;0;0;0;0
22597;2023;410;4;3;41005;0;22597;3;46;2;0;0;0;0
22597;2023;610;4;3;64001;0;22597;3;21;1;0;0;0;0
22609;2023;10;4;1;0;0;22609;3;56;2;0;10;115000;0
22609;2023;310;2;3;0;0;22609;3;67;2;0;10;115000;0
22609;2023;310;4;3;0;0;22609;3;38;1;0;10;115000;0
22626;2023;310;1;3;0;0;22626;3;111;3;0;0;0;0
22758;2023;110;1;3;0;0;22758;3;42;1;0;0;0;0
22758;2023;110;2;3;0;0;22758;3;40;1;0;0;0;0
22758;2023;110;3;3;0;0;22758;3;35;1;0;0;0;0
22758;2023;110;5;3;0;0;22758;3;35;1;0;0;0;0
22758;2023;110;6;3;0;0;22758;3;40;1;0;0;0;0
22758;2023;110;8;3;0;0;22758;3;40;1;0;0;0;0
22758;2023;310;1;3;0;0;22758;3;80;2;0;0;0;0
22758;2023;310;2;3;0;0;22758;3;80;2;0;0;0;0
24201;2023;310;1;3;0;0;24201;3;78;2;0;0;0;0
24240;2023;110;7;3;0;0;24240;3;74;2;0;0;0;0
24240;2023;110;8;3;0;0;24240;3;74;2;0;0;0;0
24240;2023;310;3;3;0;0;24240;3;74;2;0;0;0;0
24446;2023;310;1;3;0;0;24446;3;90;2;0;0;0;0
24473;2023;310;1;3;0;0;24473;3;144;4;0;0;0;0
24473;2023;310;2;3;0;0;24473;3;144;4;0;0;0;0
24473;2023;610;3;3;61003;0;24473;3;90;2;0;0;0;0
24716;2023;10;5;1;0;0;24716;3;30;1;0;0;0;0
24716;2023;110;5;3;0;0;24716;3;40;1;0;0;0;0
24716;2023;110;6;3;0;0;24716;3;40;1;0;0;0;0
24716;2023;110;8;3;0;0;24716;3;40;1;0;0;0;0
24864;2023;10;4;1;0;0;24864;3;35;1;0;0;0;0
24864;2023;10;5;1;0;0;24864;3;35;1;0;0;0;0
24864;2023;110;1;1;0;0;24864;3;70;2;0;0;0;0
24864;2023;110;2;1;0;0;24864;3;70;2;0;0;0;0
24864;2023;110;3;3;0;0;24864;3;70;2;0;0;0;0
24864;2023;110;4;3;0;0;24864;3;70;2;0;0;0;0
24864;2023;110;5;3;0;0;24864;3;70;2;0;0;0;0
24864;2023;110;6;3;0;0;24864;3;70;2;0;0;0;0
24864;2023;110;7;3;0;0;24864;3;70;2;0;0;0;0
24864;2023;110;8;3;0;0;24864;3;70;2;0;0;0;0
24864;2023;310;1;3;0;0;24864;3;70;2;0;0;0;0
24864;2023;310;2;3;0;0;24864;3;70;2;0;0;0;0
24864;2023;310;3;3;0;0;24864;3;70;2;0;0;0;0
24864;2023;310;4;3;0;0;24864;3;70;2;0;0;0;0
24878;2023;10;4;2;0;0;24878;3;35;1;0;0;0;0
24878;2023;10;5;2;0;0;24878;3;45;1;0;0;0;0
24889;2023;310;1;3;0;0;20180622143747973461000000;3;120;3;0;0;0;0
25041;2023;10;5;3;0;0;25041;3;44;2;0;0;0;0
25303;2023;310;1;1;0;0;25303;3;90;2;0;0;0;0
25462;2023;110;5;3;0;0;25462;3;63;2;0;0;0;0
25462;2023;110;8;3;0;0;25462;3;74;2;0;0;0;0
25462;2023;310;3;3;0;0;25462;3;60;2;0;0;0;0
25462;2023;310;4;3;0;0;25462;3;56;2;0;0;0;0
26135;2023;110;2;3;0;0;26135;3;133;3;0;0;0;0
26135;2023;110;3;3;0;0;26135;3;132;3;0;0;0;0
26135;2023;110;4;3;0;0;26135;3;132;3;0;0;0;0
26135;2023;110;5;3;0;0;26135;3;132;3;0;0;0;0
26135;2023;110;6;3;0;0;26135;3;132;3;0;0;0;0
26135;2023;110;7;3;0;0;26135;3;132;3;0;0;0;0
26135;2023;110;8;3;0;0;26135;3;132;3;0;0;0;0
26135;2023;310;1;3;0;0;26135;3;132;3;0;0;0;0
26135;2023;310;2;3;0;0;26135;3;132;3;0;0;0;0
31116;2023;410;3;3;41005;0;31116;3;33;2;0;0;0;0
31116;2023;510;3;3;51006;0;31116;3;54;1;0;0;0;0
31343;2023;310;1;3;0;0;31343;3;234;6;0;0;0;0
40025;2023;310;1;3;0;0;40025;3;120;3;0;0;0;0
40065;2023;310;1;3;0;0;40065;3;26;1;0;0;0;0
40251;2023;10;4;2;0;0;20180822202440869174000000;3;35;1;0;11;55000;0
40301;2023;310;1;3;0;0;40301;3;169;5;0;0;0;0
40316;2023;310;1;3;0;0;40316;3;80;2;0;0;0;0
